rank,accession,position,ref_aa,mut_aa,year,drift_prob,cluster_pred,drift_timing,fusion_score
1,ABK57093,460,N,T,2005,0.95297295,10,18.802002,0.9455
2,AEG65439,376,T,V,2005,0.964517,10,21.675081,0.9447718
3,ABV45654,160,F,T,2006,0.97109884,10,40.30671,0.9435421
4,AID70474,381,D,G,2010,0.9714925,11,378.9406,0.94299185
5,ADK26545,420,I,H,2010,0.9642366,11,216.29979,0.9416632
6,ADK26545,27,N,G,2010,0.9637143,11,389.77502,0.93967557
7,ADK26545,386,N,L,2010,0.9644247,11,273.95816,0.9393727
8,AJK02128,111,F,Q,2006,0.9527662,10,21.425241,0.93883336
9,ACT21510,492,C,G,2004,0.96437806,10,19.53632,0.9387074
10,AEO01321,443,V,A,2009,0.9769906,11,342.97055,0.938321
11,AJK00920,303,N,A,2006,0.95296395,10,17.709774,0.9381101
12,AKM13601,551,F,I,2006,0.9595881,10,49.279198,0.9379846
13,AID70477,537,I,E,2010,0.95140845,11,254.03807,0.93575376
14,ACF36351,460,N,T,2004,0.9628312,10,17.588526,0.93542254
15,AJK02128,72,N,P,2006,0.94027215,10,11.084482,0.9353258
16,ADK26563,483,F,G,2009,0.9671164,11,262.6875,0.9351509
17,AFN19571,437,S,T,2011,0.9656644,11,552.665,0.9351371
18,ADK26545,435,W,G,2010,0.9852415,11,657.2787,0.93471885
19,AID70475,385,T,A,2010,0.9579406,11,340.808,0.93450254
20,ADK26545,444,L,A,2010,0.9536019,11,385.90393,0.93419135
21,ASM80149,565,I,L,2011,0.95031077,11,332.5261,0.9341386
22,ADK26563,424,N,A,2009,0.97797567,11,238.60031,0.93263763
23,AID70448,481,F,L,2011,0.9715954,11,578.953,0.93178
24,AJK02128,172,N,A,2006,0.9464501,10,26.40266,0.93156767
25,ADK26545,430,G,K,2010,0.95668006,11,377.06738,0.931447
26,AJK02128,58,C,Q,2006,0.94570726,10,22.784113,0.9304899
27,AJK01260,37,N,T,2007,0.9334848,10,24.371742,0.9304514
28,ACQ73202,373,Q,L,2005,0.9541271,10,33.981285,0.9303152
29,AFN20127,497,N,A,2011,0.9502405,11,392.59607,0.9302461
30,AKM13601,226,F,G,2006,0.95930886,10,34.166225,0.9301895
31,ABF17959,440,A,T,2005,0.9453218,10,18.855074,0.929598
32,AGB84854,222,K,G,2004,0.97466856,10,27.876312,0.9285252
33,ADK87306,104,E,G,2009,0.95328397,11,250.679,0.9283131
34,ADK26545,478,N,A,2010,0.9436901,11,262.54605,0.92803013
35,AFO83467,498,N,G,2009,0.9397858,11,161.0289,0.92790675
36,AFD32506,493,I,L,2011,0.93762046,11,293.6421,0.9277487
37,ANN44928,555,Q,H,2010,0.9552626,11,235.87817,0.9265745
38,CBA17655,371,N,F,2005,0.9298911,10,20.639011,0.9260421
39,AKM13601,77,I,A,2006,0.9631122,10,37.27043,0.925316
40,ADK26545,413,F,A,2010,0.9574751,11,384.81866,0.9250021
41,ASM80158,559,I,T,2011,0.9339716,11,272.02353,0.9244926
42,ABP49404,83,D,G,2005,0.98136824,10,40.19568,0.9243399
43,AGJ73355,549,I,T,2011,0.93349093,11,266.60486,0.9242927
44,AOK93132,556,K,L,2011,0.94258577,11,438.00018,0.9242213
45,AID70453,560,Q,H,2011,0.94144475,11,313.22766,0.9239922
46,AEK98374,189,F,L,2007,0.9534557,10,55.41859,0.92325664
47,ADX31424,435,W,P,2010,0.9354479,11,360.1649,0.9230527
48,AIF72914,432,K,L,2009,0.9391658,11,208.50436,0.92299503
49,ACA33769,62,S,A,2007,0.9555024,10,37.85442,0.92215466
50,ACT21507,156,R,G,2004,0.9596575,10,22.842537,0.9221054
