alignment_pos,ha1_pos,koel_indicator,bfactor_norm,entropy_norm,escape_lit,hi_score
1,-15,0,0.3,0.3086,0,0.1371
2,-14,0,0.3,0.4773,0,0.1793
3,-13,0,0.3,0.2348,0,0.1187
4,-12,0,0.3,0.4118,0,0.163
5,-11,0,0.3,0.1022,0,0.0856
6,-10,0,0.3,0.2786,0,0.1296
7,-9,0,0.3,0.3367,0,0.1442
8,-8,0,0.3,0.1485,0,0.0971
9,-7,0,0.3,0.4283,0,0.1671
10,-6,0,0.3,0.014,0,0.0635
11,-5,0,0.3,0.4497,0,0.1724
12,-4,0,0.3,0.3612,0,0.1503
13,-3,0,0.3,0.3104,0,0.1376
14,-2,0,0.3,0.0281,0,0.067
15,-1,0,0.3,0.0767,0,0.0792
16,0,0,0.3,0.3275,0,0.1419
17,1,0,0.3,0.0704,0,0.0776
18,2,0,0.3,0.2599,0,0.125
19,3,0,0.3,0.2236,0,0.1159
20,4,0,0.3,0.3363,0,0.1441
21,5,0,0.3,0.4885,0,0.1821
22,6,0,0.3,0.3566,0,0.1491
23,7,0,0.3,0.3908,0,0.1577
24,8,0,1.0,0.1651,0,0.2413
25,9,0,0.6159,0.2787,0,0.1928
26,10,0,0.1884,0.1877,0,0.0846
27,11,0,0.1053,0.2243,0,0.0771
28,12,0,0.1378,0.2314,0,0.0854
29,13,0,0.0475,0.2125,0,0.0626
30,14,0,0.0651,0.3589,0,0.1027
31,15,0,0.0491,0.3471,0,0.0966
32,16,0,0.0056,-0.0,0,0.0011
33,17,0,0.0366,0.2003,0,0.0574
34,18,0,0.103,0.2772,0,0.0899
35,19,0,0.0403,0.4593,0,0.1229
36,20,0,0.0543,0.2238,0,0.0668
37,21,0,0.1854,0.2896,0,0.1095
38,22,0,0.0642,-0.0,0,0.0128
39,23,0,0.1341,0.4371,0,0.1361
40,24,0,0.284,0.0313,0,0.0646
41,25,0,0.1358,0.5,0,0.1522
42,26,0,0.0003,0.236,0,0.0591
43,27,0,0.054,-0.0,0,0.0108
44,28,0,0.0291,0.3005,0,0.0809
45,29,0,0.0583,0.3192,0,0.0914
46,30,0,0.0227,0.2402,0,0.0646
47,31,0,0.0845,0.3589,0,0.1066
48,32,0,0.1381,0.0301,0,0.0351
49,33,0,0.1818,0.2799,0,0.1063
50,34,0,0.0346,0.1877,0,0.0538
51,35,0,0.0412,-0.0,0,0.0082
52,36,0,0.0195,-0.0,0,0.0039
53,37,0,0.039,0.4439,0,0.1188
54,38,0,0.0898,0.3667,0,0.1096
55,39,0,0.0282,0.3471,0,0.0924
56,40,0,0.0353,0.2314,0,0.0649
57,41,0,0.0718,0.319,0,0.0941
58,42,0,0.0,0.0688,0,0.0172
59,43,0,0.0347,0.228,0,0.0639
60,44,0,0.0659,0.032,0,0.0212
61,45,0,0.1282,0.3112,0,0.1034
62,46,0,0.2103,0.3199,0,0.122
63,47,0,0.1265,0.0467,0,0.037
64,48,0,0.1673,0.271,0,0.1012
65,49,0,0.1513,0.1904,0,0.0779
66,50,0,0.0813,0.3531,0,0.1045
67,51,0,0.1694,0.2125,0,0.087
68,52,0,0.1563,0.0257,0,0.0377
69,53,0,0.1802,0.0102,0,0.0386
70,54,0,0.149,0.3376,0,0.1142
71,55,0,0.2569,0.1591,0,0.0911
72,56,0,0.1952,0.0396,0,0.0489
73,57,0,0.2152,0.0165,0,0.0472
74,58,0,0.1083,0.0488,0,0.0338
75,59,0,0.0963,-0.0,0,0.0193
76,60,0,0.1602,-0.0,0,0.032
77,61,0,0.1014,0.2305,0,0.0779
78,62,0,0.367,0.004,0,0.0744
79,63,0,0.2341,0.2125,0,0.0999
80,64,0,0.16,0.3285,0,0.1141
81,65,0,0.0923,0.0957,0,0.0424
82,66,0,0.0513,0.2346,0,0.0689
83,67,0,0.0457,0.2314,0,0.067
84,68,0,0.0876,0.4074,0,0.1194
85,69,0,0.0712,0.1504,0,0.0518
86,70,0,0.0384,-0.0,0,0.0077
87,71,0,0.0766,-0.0,0,0.0153
88,72,0,0.1083,0.2314,0,0.0795
89,73,0,0.1404,-0.0,0,0.0281
90,74,0,0.1751,0.0066,0,0.0367
91,75,0,0.2238,0.2314,0,0.1026
92,76,0,0.1739,0.1858,0,0.0812
93,77,0,0.2504,0.3367,0,0.1343
94,78,0,0.1761,0.1212,0,0.0655
95,79,0,0.1055,0.349,0,0.1084
96,80,0,0.1599,0.0821,0,0.0525
97,81,0,0.1509,0.0252,0,0.0365
98,82,0,0.1,0.1296,0,0.0524
99,83,0,0.1806,-0.0,0,0.0361
100,84,0,0.0983,0.2833,0,0.0905
101,85,0,0.141,0.2658,0,0.0947
102,86,0,0.0835,0.0659,0,0.0332
103,87,0,0.0871,0.0633,0,0.0333
104,88,0,0.1095,0.3667,0,0.1136
105,89,0,0.1138,-0.0,0,0.0228
106,90,0,0.1679,0.0842,0,0.0546
107,91,0,0.2047,0.3165,0,0.1201
108,92,0,0.3052,0.319,0,0.1408
109,93,0,0.1976,0.0999,0,0.0645
110,94,0,0.2757,0.1164,0,0.0843
111,95,0,0.1629,0.3536,0,0.121
112,96,0,0.1517,-0.0,0,0.0303
113,97,0,0.1991,0.2314,0,0.0977
114,98,0,0.179,-0.0,0,0.0358
115,99,0,0.1692,-0.0,0,0.0338
116,100,0,0.1278,0.189,0,0.0728
117,101,0,0.2559,0.3221,0,0.1317
118,102,0,0.1542,0.3506,0,0.1185
119,103,0,0.1489,0.2922,0,0.1028
120,104,0,0.1139,0.0624,0,0.0384
121,105,0,0.0569,0.2212,0,0.0667
122,106,0,0.0651,0.3483,0,0.1001
123,107,0,0.0039,0.3471,0,0.0875
124,108,0,0.0537,0.0957,0,0.0347
125,109,0,0.0883,0.2125,0,0.0708
126,110,0,0.1042,-0.0,0,0.0208
127,111,0,0.1441,0.0456,0,0.0402
128,112,0,0.2029,0.167,0,0.0823
129,113,0,0.281,0.1198,0,0.0861
130,114,0,0.4737,0.4735,0,0.2131
131,115,0,0.0694,0.5,0,0.1389
132,116,0,0.1106,0.3883,0,0.1192
133,117,0,0.1288,0.1164,0,0.0549
134,118,0,0.0419,0.2997,1,0.2333
135,119,0,0.1306,0.5,1,0.3011
136,120,0,0.0721,0.2116,0,0.0673
137,121,0,0.0806,0.1119,1,0.1941
138,122,0,0.1405,0.5,0,0.1531
139,123,0,0.0942,0.0693,0,0.0362
140,124,0,0.1222,0.5,0,0.1494
141,125,0,0.1888,0.0301,0,0.0453
142,126,0,0.1711,0.2314,0,0.0921
143,127,0,0.1783,0.0722,0,0.0537
144,128,0,0.3211,-0.0,0,0.0642
145,129,0,0.2963,0.2436,0,0.1202
146,130,0,0.2063,0.2621,0,0.1068
147,131,0,0.2855,-0.0,1,0.2071
148,132,0,0.2056,0.2312,0,0.0989
149,133,0,0.2676,-0.0,0,0.0535
150,134,0,0.2081,0.1292,0,0.0739
151,135,0,0.1857,-0.0,1,0.1871
152,136,0,0.1721,0.1198,0,0.0644
153,137,0,0.2473,0.0378,1,0.2089
154,138,0,0.2278,0.5,0,0.1706
155,139,0,0.2049,0.0712,0,0.0588
156,140,0,0.2835,0.2133,0,0.11
157,141,0,0.2859,0.1786,0,0.1018
158,142,0,0.4172,0.0055,1,0.2348
159,143,0,0.4225,0.4697,0,0.2019
160,144,0,0.5881,0.207,1,0.3194
161,145,0,0.2403,0.0016,1,0.1984
162,146,0,0.1527,-0.0,0,0.0305
163,147,0,0.1247,0.5,0,0.1499
164,148,0,0.0942,0.3997,0,0.1188
165,149,0,0.1592,0.0914,0,0.0547
166,150,0,0.0889,-0.0,0,0.0178
167,151,0,0.0925,0.167,0,0.0603
168,152,0,0.082,0.2125,0,0.0695
169,153,0,0.1404,-0.0,0,0.0281
170,154,0,0.1227,0.0987,0,0.0492
171,155,1,0.2132,0.1043,1,0.6187
172,156,1,0.2658,0.0019,1,0.6036
173,157,0,0.3097,0.236,0,0.1209
174,158,1,0.6137,0.2538,1,0.7362
175,159,0,0.374,0.1007,1,0.25
176,160,0,0.3766,0.319,0,0.1551
177,161,0,0.2365,0.2948,0,0.121
178,162,0,0.2766,0.0267,0,0.062
179,163,0,0.3137,0.0398,0,0.0727
180,164,0,0.1807,0.4093,0,0.1385
181,165,0,0.3608,0.2366,0,0.1313
182,166,0,0.2839,0.3888,0,0.154
183,167,0,0.2602,0.3119,0,0.13
184,168,0,0.1685,0.4549,0,0.1474
185,169,0,0.2219,-0.0,0,0.0444
186,170,0,0.1509,0.0659,0,0.0467
187,171,0,0.2566,0.0472,0,0.0631
188,172,0,0.2214,0.1967,1,0.2435
189,173,0,0.5028,0.3022,0,0.1761
190,174,0,0.2158,0.2224,0,0.0988
191,175,0,0.133,-0.0,0,0.0266
192,176,0,0.1049,-0.0,0,0.021
193,177,0,0.0318,0.2125,0,0.0595
194,178,0,0.0565,0.0344,0,0.0199
195,179,0,0.1226,0.3667,0,0.1162
196,180,0,0.098,0.5,0,0.1446
197,181,0,0.1031,0.1486,0,0.0578
198,182,0,0.1356,0.1024,0,0.0527
199,183,0,0.1415,0.5372,0,0.1626
200,184,0,0.1563,-0.0,0,0.0313
201,185,0,0.2479,0.0277,0,0.0565
202,186,0,0.3827,0.39,0,0.174
203,187,0,0.457,0.2077,0,0.1433
204,188,0,0.3294,0.2421,0,0.1264
205,189,1,0.3709,0.0121,1,0.6272
206,190,0,0.4164,0.5,1,0.3583
207,191,0,0.2457,0.0126,0,0.0523
208,192,0,0.3456,0.0799,1,0.2391
209,193,1,0.4763,0.2813,1,0.7156
210,194,0,0.2409,0.2978,0,0.1226
211,195,0,0.1872,0.0132,0,0.0407
212,196,0,0.4597,0.2616,1,0.3073
213,197,0,0.3556,0.0816,1,0.2415
214,198,0,0.3521,0.2934,0,0.1438
215,199,0,0.3564,0.4439,0,0.1822
216,200,0,0.294,0.197,0,0.1081
217,201,0,0.2624,0.0024,0,0.0531
218,202,0,0.2064,0.161,0,0.0815
219,203,0,0.2308,0.0639,0,0.0621
220,204,0,0.1562,0.3172,0,0.1105
221,205,0,0.1827,0.2314,0,0.0944
222,206,0,0.1267,0.1143,0,0.0539
223,207,0,0.1842,0.4071,0,0.1386
224,208,0,0.2006,0.401,0,0.1404
225,209,0,0.196,0.3667,0,0.1309
226,210,0,0.2224,0.2125,0,0.0976
227,211,0,0.2174,0.0159,0,0.0474
228,212,0,0.2398,0.0214,0,0.0533
229,213,0,0.2662,0.2839,0,0.1242
230,214,0,0.3509,0.1369,0,0.1044
231,215,0,0.3145,0.314,0,0.1414
232,216,0,0.3042,0.1739,0,0.1043
233,217,0,0.4342,0.3456,0,0.1732
234,218,0,0.3619,0.2742,0,0.1409
235,219,0,0.368,0.3461,0,0.1601
236,220,0,0.2618,0.3641,0,0.1434
237,221,0,0.2378,0.0083,0,0.0496
238,222,0,0.4284,0.0048,0,0.0869
239,223,0,0.2064,0.2247,0,0.0974
240,224,0,0.3093,0.2178,0,0.1163
241,225,0,0.3127,0.1478,0,0.0995
242,226,0,0.2884,0.0004,1,0.2078
243,227,0,0.1993,0.0167,0,0.044
244,228,0,0.1807,0.3865,1,0.2828
245,229,0,0.1718,0.0429,0,0.0451
246,230,0,0.1596,0.4049,0,0.1331
247,231,0,0.1677,0.132,0,0.0665
248,232,0,0.1095,0.0859,0,0.0434
249,233,0,0.1322,0.5,0,0.1514
250,234,0,0.0633,0.4447,0,0.1238
251,235,0,0.058,0.1545,0,0.0502
252,236,0,0.0944,0.1504,0,0.0565
253,237,0,0.0787,0.3996,0,0.1156
254,238,0,0.3081,0.2461,0,0.1231
255,239,0,0.1888,0.2208,0,0.093
256,240,0,0.3899,0.3471,0,0.1647
257,241,0,0.1536,0.2794,0,0.1006
258,242,0,0.1649,0.3352,0,0.1168
259,243,0,0.1285,0.0057,0,0.0271
260,244,0,0.2223,0.3347,0,0.1281
261,245,0,0.1424,0.564,0,0.1695
262,246,0,0.2642,0.2166,0,0.107
263,247,0,0.1746,0.0105,0,0.0375
264,248,0,0.2469,0.2314,0,0.1072
265,249,0,0.1873,0.5,0,0.1625
266,250,0,0.1538,-0.0,0,0.0308
267,251,0,0.1339,0.0818,0,0.0472
268,252,0,0.1129,0.2125,0,0.0757
269,253,0,0.0698,0.2314,0,0.0718
270,254,0,0.084,0.3521,0,0.1048
271,255,0,0.1337,0.2314,0,0.0846
272,256,0,0.0829,0.3172,0,0.0959
273,257,0,0.0899,0.2314,0,0.0758
274,258,0,0.0869,0.1401,0,0.0524
275,259,0,0.1472,0.008,0,0.0314
276,260,0,0.1226,0.0938,0,0.048
277,261,0,0.3014,0.0771,0,0.0796
278,262,0,0.4051,0.2735,0,0.1494
279,263,0,0.2719,0.2784,0,0.124
280,264,0,0.5508,-0.0,0,0.1102
281,265,0,0.256,0.2314,0,0.1091
282,266,0,0.1441,0.248,0,0.0908
283,267,0,0.1151,0.1917,0,0.071
284,268,0,0.1368,0.1104,0,0.055
285,269,0,0.214,0.1877,0,0.0897
286,270,0,0.1809,0.0664,0,0.0528
287,271,0,0.2598,0.3313,0,0.1348
288,272,0,0.2149,0.315,0,0.1217
289,273,0,0.5161,0.3806,0,0.1984
290,274,0,0.2625,0.1902,0,0.1001
291,275,0,0.2545,0.0583,0,0.0655
292,276,0,0.402,0.2314,0,0.1383
293,277,0,0.3296,0.2695,0,0.1333
294,278,0,0.2699,0.302,0,0.1295
295,279,0,0.153,0.2383,0,0.0902
296,280,0,0.4335,0.5,0,0.2117
297,281,0,0.1051,0.1936,0,0.0694
298,282,0,0.0739,0.2247,0,0.0709
299,283,0,0.0697,0.4439,0,0.1249
300,284,0,0.1049,0.4263,0,0.1276
301,285,0,0.2032,0.5,0,0.1656
302,286,0,0.0977,-0.0,0,0.0195
303,287,0,0.1021,0.3005,0,0.0955
304,288,0,0.0695,0.3204,0,0.094
305,289,0,0.1744,0.5974,0,0.1842
306,290,0,0.1481,0.3961,0,0.1286
307,291,0,0.143,0.2365,0,0.0877
308,292,0,0.1363,0.2125,0,0.0804
309,293,0,0.0973,0.2125,0,0.0726
310,294,0,0.0621,-0.0,0,0.0124
311,295,0,0.0176,0.3172,0,0.0828
312,296,0,0.0396,0.1439,0,0.0439
313,297,0,0.0722,0.3376,0,0.0988
314,298,0,0.0809,0.0008,0,0.0164
315,299,0,0.093,0.207,0,0.0704
316,300,0,0.131,0.2677,0,0.0931
317,301,0,0.0958,0.4512,0,0.132
318,302,0,0.1057,0.5,0,0.1461
319,303,0,0.1366,0.406,0,0.1288
320,304,0,0.225,-0.0,0,0.045
321,305,0,0.1015,0.3005,0,0.0954
322,306,0,0.0773,0.0018,0,0.0159
323,307,0,0.293,0.3521,0,0.1466
324,308,0,0.0747,0.0415,0,0.0253
325,309,0,0.0397,0.1083,0,0.035
326,310,0,0.2308,0.0057,0,0.0476
327,311,0,0.0892,0.0312,0,0.0256
328,312,0,0.1892,0.1053,0,0.0642
329,313,0,0.145,-0.0,0,0.029
330,314,0,0.0398,0.1504,0,0.0456
331,315,0,0.0039,-0.0,0,0.0008
332,316,0,0.0323,-0.0,0,0.0065
333,317,0,0.0199,0.1818,0,0.0494
334,318,0,0.0136,0.2125,0,0.0558
335,319,0,0.001,-0.0,0,0.0002
336,320,0,0.0721,-0.0,0,0.0144
337,321,0,0.1348,0.5,0,0.152
338,322,0,0.1066,0.1575,0,0.0607
339,323,0,0.4288,0.1608,0,0.1259
340,324,0,0.5946,0.4377,0,0.2283
341,325,0,0.0397,0.0503,0,0.0205
342,326,0,0.2308,0.3862,0,0.1427
343,327,0,0.0892,0.456,0,0.1318
344,328,0,0.1892,-0.0,0,0.0378
345,329,0,0.145,-0.0,0,0.029
346,330,0,0.0398,0.0011,0,0.0082
347,331,0,0.0039,-0.0,0,0.0008
348,332,0,0.0323,0.0004,0,0.0066
349,333,0,0.0199,0.3471,0,0.0907
350,334,0,0.0136,-0.0,0,0.0027
351,335,0,0.001,-0.0,0,0.0002
352,336,0,0.0721,0.2247,0,0.0706
353,337,0,0.1348,-0.0,0,0.027
354,338,0,0.1066,0.2125,0,0.0744
355,339,0,0.4288,-0.0,0,0.0858
356,340,0,0.5946,0.2314,0,0.1768
357,341,0,0.3,-0.0,0,0.06
358,342,0,0.3,-0.0,0,0.06
359,343,0,0.3,0.4447,0,0.1712
360,344,0,0.3,-0.0,0,0.06
361,345,0,0.3,0.0068,0,0.0617
362,346,0,0.3,0.1201,0,0.09
363,347,0,0.3,-0.0,0,0.06
365,349,0,0.3,0.3172,0,0.1393
366,350,0,0.3,0.2125,0,0.1131
367,351,0,0.3,-0.0,0,0.06
368,352,0,0.3,0.2218,0,0.1155
369,353,0,0.3,-0.0,0,0.06
370,354,0,0.3,0.167,0,0.1018
371,355,0,0.3,0.3149,0,0.1387
372,356,0,0.3,0.1877,0,0.1069
373,357,0,0.3,0.3824,0,0.1556
374,358,0,0.3,0.3471,0,0.1468
376,360,0,0.3,0.1092,0,0.0873
377,361,0,0.3,-0.0,0,0.06
379,363,0,0.3,0.4439,0,0.171
380,364,0,0.3,-0.0,0,0.06
381,365,0,0.3,0.4439,0,0.171
382,366,0,0.3,0.266,0,0.1265
383,367,0,0.3,0.4877,0,0.1819
385,369,0,0.3,-0.0,0,0.06
387,371,0,0.3,0.3872,0,0.1568
388,372,0,0.3,0.1877,0,0.1069
389,373,0,0.3,0.3893,0,0.1573
390,374,0,0.3,0.0045,0,0.0611
391,375,0,0.3,0.3471,0,0.1468
392,376,0,0.3,0.2125,0,0.1131
393,377,0,0.3,0.3156,0,0.1389
394,378,0,0.3,0.2256,0,0.1164
395,379,0,0.3,0.2125,0,0.1131
396,380,0,0.3,0.0957,0,0.0839
397,381,0,0.3,0.3667,0,0.1517
398,382,0,0.3,0.343,0,0.1457
399,383,0,0.3,0.0025,0,0.0606
400,384,0,0.3,0.1719,0,0.103
401,385,0,0.3,0.0131,0,0.0633
402,386,0,0.3,0.148,0,0.097
403,387,0,0.3,0.4512,0,0.1728
404,388,0,0.3,0.1017,0,0.0854
405,389,0,0.3,0.4246,0,0.1661
406,390,0,0.3,-0.0,0,0.06
407,391,0,0.3,0.3352,0,0.1438
408,392,0,0.3,-0.0,0,0.06
409,393,0,0.3,0.3667,0,0.1517
410,394,0,0.3,0.2169,0,0.1142
411,395,0,0.3,-0.0,0,0.06
412,396,0,0.3,0.275,0,0.1288
413,397,0,0.3,0.2314,0,0.1178
414,398,0,0.3,0.3471,0,0.1468
415,399,0,0.3,0.3992,0,0.1598
416,400,0,0.3,0.2896,0,0.1324
417,401,0,0.3,0.2117,0,0.1129
418,402,0,0.3,-0.0,0,0.06
419,403,0,0.3,0.3252,0,0.1413
420,404,0,0.3,0.3612,0,0.1503
421,405,0,0.3,0.0233,0,0.0658
422,406,0,0.3,0.3376,0,0.1444
423,407,0,0.3,0.3383,0,0.1446
424,408,0,0.3,0.127,0,0.0918
425,409,0,0.3,0.4049,0,0.1612
426,410,0,0.3,0.1822,0,0.1056
427,411,0,0.3,0.2314,0,0.1178
428,412,0,0.3,0.0561,0,0.074
429,413,0,0.3,0.4447,0,0.1712
430,414,0,0.3,0.2125,0,0.1131
431,415,0,0.3,0.431,0,0.1678
432,416,0,0.3,0.5173,0,0.1893
433,417,0,0.3,0.1549,0,0.0987
434,418,0,0.3,0.2314,0,0.1178
435,419,0,0.3,0.1061,0,0.0865
436,420,0,0.3,0.2125,0,0.1131
437,421,0,0.3,0.2298,0,0.1175
438,422,0,0.3,0.3471,0,0.1468
439,423,0,0.3,0.3967,0,0.1592
440,424,0,0.3,0.3225,0,0.1406
441,425,0,0.3,0.2842,0,0.131
442,426,0,0.3,0.326,0,0.1415
443,427,0,0.3,0.1719,0,0.103
444,428,0,0.3,0.0272,0,0.0668
445,429,0,0.3,0.402,0,0.1605
446,430,0,0.3,0.2312,0,0.1178
447,431,0,0.3,-0.0,0,0.06
448,432,0,0.3,0.1877,0,0.1069
449,433,0,0.3,0.1956,0,0.1089
450,434,0,0.3,0.3221,0,0.1405
451,435,0,0.3,0.167,0,0.1018
452,436,0,0.3,0.2188,0,0.1147
453,437,0,0.3,0.3094,0,0.1374
454,438,0,0.3,0.4548,0,0.1737
455,439,0,0.3,0.1619,0,0.1005
456,440,0,0.3,0.2896,0,0.1324
457,441,0,0.3,0.133,0,0.0933
458,442,0,0.3,-0.0,0,0.06
459,443,0,0.3,0.2247,0,0.1162
460,444,0,0.3,0.4134,0,0.1633
461,445,0,0.3,0.2677,0,0.1269
462,446,0,0.3,0.2247,0,0.1162
463,447,0,0.3,0.3172,0,0.1393
464,448,0,0.3,0.3432,0,0.1458
465,449,0,0.3,0.0156,0,0.0639
466,450,0,0.3,-0.0,0,0.06
467,451,0,0.3,0.002,0,0.0605
468,452,0,0.3,0.0019,0,0.0605
469,453,0,0.3,0.1877,0,0.1069
470,454,0,0.3,-0.0,0,0.06
471,455,0,0.3,0.3172,0,0.1393
472,456,0,0.3,-0.0,0,0.06
473,457,0,0.3,-0.0,0,0.06
474,458,0,0.3,-0.0,0,0.06
475,459,0,0.3,-0.0,0,0.06
476,460,0,0.3,0.319,0,0.1398
477,461,0,0.3,0.4616,0,0.1754
478,462,0,0.3,0.2314,0,0.1178
479,463,0,0.3,0.2125,0,0.1131
480,464,0,0.3,0.2314,0,0.1178
481,465,0,0.3,0.0957,0,0.0839
482,466,0,0.3,0.1017,0,0.0854
483,467,0,0.3,0.3634,0,0.1508
484,468,0,0.3,-0.0,0,0.06
485,469,0,0.3,0.4439,0,0.171
486,470,0,0.3,0.3172,0,0.1393
487,471,0,0.3,0.3684,0,0.1521
488,472,0,0.3,0.2314,0,0.1178
489,473,0,0.3,0.2111,0,0.1128
490,474,0,0.3,0.4263,0,0.1666
491,475,0,0.3,0.4531,0,0.1733
492,476,0,0.3,0.3667,0,0.1517
493,477,0,0.3,0.0289,0,0.0672
494,478,0,0.3,0.0909,0,0.0827
495,479,0,0.3,0.3221,0,0.1405
496,480,0,0.3,0.2125,0,0.1131
497,481,0,0.3,0.1369,0,0.0942
498,482,0,0.3,0.5084,0,0.1871
499,483,0,0.3,0.002,0,0.0605
500,484,0,0.3,0.212,0,0.113
502,486,0,0.3,0.051,0,0.0727
503,487,0,0.3,0.1997,0,0.1099
504,488,0,0.3,0.0278,0,0.0669
505,489,0,0.3,0.1166,0,0.0891
506,490,0,0.3,0.2125,0,0.1131
507,491,0,0.3,0.2125,0,0.1131
508,492,0,0.3,0.2526,0,0.1231
509,493,0,0.3,-0.0,0,0.06
510,494,0,0.3,-0.0,0,0.06
511,495,0,0.3,0.1693,0,0.1023
512,496,0,0.3,0.1961,0,0.109
513,497,0,0.3,0.2682,0,0.127
514,498,0,0.3,-0.0,0,0.06
515,499,0,0.3,0.2295,0,0.1174
516,500,0,0.3,0.3311,0,0.1428
517,501,0,0.3,0.0859,0,0.0815
518,502,0,0.3,0.249,0,0.1222
519,503,0,0.3,0.2971,0,0.1343
520,504,0,0.3,0.099,0,0.0847
521,505,0,0.3,0.3049,0,0.1362
522,506,0,0.3,0.1877,0,0.1069
523,507,0,0.3,0.3518,0,0.148
524,508,0,0.3,0.4776,0,0.1794
525,509,0,0.3,0.0889,0,0.0822
526,510,0,0.3,0.3635,0,0.1509
527,511,0,0.3,0.3471,0,0.1468
528,512,0,0.3,0.1814,0,0.1053
529,513,0,0.3,0.4447,0,0.1712
530,514,0,0.3,0.2263,0,0.1166
531,515,0,0.3,0.2917,0,0.1329
532,516,0,0.3,0.2314,0,0.1178
535,519,0,0.3,0.2896,0,0.1324
536,520,0,0.3,0.0663,0,0.0766
537,521,0,0.3,0.2594,0,0.1248
538,522,0,0.3,-0.0,0,0.06
539,523,0,0.3,0.4147,0,0.1637
540,524,0,0.3,0.1339,0,0.0935
541,525,0,0.3,0.2896,0,0.1324
542,526,0,0.3,0.322,0,0.1405
543,527,0,0.3,0.3139,0,0.1385
544,528,0,0.3,0.117,0,0.0892
545,529,0,0.3,0.0065,0,0.0616
546,530,0,0.3,0.454,0,0.1735
547,531,0,0.3,0.3271,0,0.1418
548,532,0,0.3,-0.0,0,0.06
549,533,0,0.3,0.3839,0,0.156
550,534,0,0.3,0.3855,0,0.1564
551,535,0,0.3,0.3772,0,0.1543
552,536,0,0.3,0.167,0,0.1018
553,537,0,0.3,0.4593,0,0.1748
554,538,0,0.3,0.3667,0,0.1517
555,539,0,0.3,0.3762,0,0.154
556,540,0,0.3,0.089,0,0.0823
557,541,0,0.3,0.4272,0,0.1668
558,542,0,0.3,0.4531,0,0.1733
559,543,0,0.3,0.5042,0,0.186
560,544,0,0.3,0.1263,0,0.0916
561,545,0,0.3,0.3521,0,0.148
562,546,0,0.3,0.4799,0,0.18
563,547,0,0.3,0.3616,0,0.1504
564,548,0,0.3,0.4409,0,0.1702
565,549,0,0.3,0.489,0,0.1822
