position,subtype,ref_char,var_char,frequency
348,H3N2,S,G,8849
14,H3N2,L,F,8617
346,H3N2,L,I,8535
78,H3N2,D,N,8520
259,H3N2,V,L,8498
161,H3N2,G,S,8482
158,H3N2,P,S,8473
322,H3N2,K,R,8462
263,H3N2,N,T,8442
468,H3N2,R,K,8439
399,H3N2,V,L,8438
178,H3N2,V,A,8436
69,H3N2,N,S,8432
275,H3N2,M,I,8414
141,H3N2,T,N,8396
228,H3N2,I,V,8387
314,H3N2,K,R,8375
10,H3N2,F,L,8374
97,H3N2,E,K,8325
205,H3N2,E,D,8324
17,H3N2,D,K,8295
15,H3N2,G,A,8288
137,H3N2,S,N,8197
211,H3N2,V,A,8094
291,H3N2,T,K,8064
277,H3N2,T,S,8042
152,H3N2,N,S,8035
172,H3N2,S,L,8021
139,H3N2,G,S,8018
170,H3N2,Y,T,7978
187,H3N2,D,E,7966
72,H3N2,R,Q,7961
467,H3N2,R,K,7893
207,H3N2,T,I,7846
40,H3N2,L,I,7802
109,H3N2,F,Y,7796
201,H3N2,S,G,7739
362,H3N2,I,V,7717
401,H3N2,E,G,7702
237,H3N2,W,R,7683
217,H3N2,V,I,7675
171,H3N2,K,H,7630
68,H3N2,N,D,7629
98,H3N2,T,K,7618
150,H3N2,G,T,7594
90,H3N2,H,Q,7589
241,H3N2,L,I,7514
242,H3N2,S,P,7470
545,H3N2,V,A,7171
77,H3N2,I,E,7120
65,H3N2,K,E,7027
155,H3N2,K,I,6779
188,H3N2,N,Q,6734
376,H3N2,T,R,6686
204,H3N2,Q,K,6638
136,H3N2,I,N,6573
173,H3N2,G,N,6486
208,H3N2,S,F,6455
227,H3N2,T,A,6009
238,H3N2,V,I,5703
327,H3N2,N,S,5661
60,H3N2,S,N,5578
543,H1N1,I,V,5483
63,H3N2,T,I,5336
213,H3N2,A,S,5314
293,H3N2,I,K,5301
48,H3N2,Q,R,5111
504,H1N1,R,K,5028
175,H3N2,T,K,4998
240,H3N2,G,D,4992
372,H1N1,A,E,4974
157,H3N2,G,R,4757
154,H1N1,Q,H,4646
174,H3N2,S,Y,4555
265,H1N1,L,V,4484
221,H1N1,K,R,4423
504,H3N2,D,N,4413
18,H3N2,F,L,4378
113,H1N1,N,D,4287
18,H3N2,F,I,4247
232,H1N1,V,I,4051
159,H3N2,D,N,3358
159,H3N2,D,S,3247
174,H3N2,S,F,3122
293,H3N2,I,N,2920
326,H3N2,Q,H,2813
240,H3N2,G,N,2717
160,H3N2,S,N,2531
201,H1N1,S,T,2189
467,H1N1,S,N,2155
12,H1N1,A,T,2007
100,H1N1,S,N,1899
390,H1N1,K,E,1842
219,H1N1,T,S,1782
173,H3N2,G,K,1581
515,H1N1,E,K,1544
186,H3N2,N,K,1531
102,H1N1,D,E,1518
188,H3N2,N,K,1508
136,H3N2,I,K,1454
